transaction_id,date,user_id,merchant_name,merchant_category,amount,is_fraud
TXN_10000,2023-04-25,USR_171,Target,Retail,153.7412865169424,1
TXN_10001,2023-01-17,USR_115,Target,,28.84,0
TXN_10002,2023-12-26,USR_379,Netflix,Entertainment,63.29,0
TXN_10003,2023-03-23,USR_457,Walmart,Retail,151.87,0
TXN_10004,2023-07-14,USR_149,Shell,Gas Station,26.2,0
TXN_10005,2023-10-02,USR_163,Walmart,Retail,26.2,0
TXN_10006,2023-12-27,USR_135,Shell,,160.65,0
TXN_10007,2023-02-21,USR_294,Target,Retail,71.34,0
TXN_10008,2023-12-10,USR_236,Shell,Gas Station,20.71,0
TXN_10009,2023-05-06,USR_183,Amazon,E-commerce,56.97,0
TXN_10010,2023-01-29,USR_217,Netflix,Entertainment,20.83,0
TXN_10011,2023-10-18,USR_467,Target,Retail,20.79,0
TXN_10012,2023-03-13,USR_226,McDonalds,Food & Beverage,42.18,0
TXN_10013,2023-07-24,USR_285,Starbucks,Food & Beverage,4.89,0
TXN_10014,2023-02-26,USR_178,Target,Retail,5.9,0
TXN_10015,2023-11-02,USR_339,Target,Retail,18.87,0
TXN_10016,2023-02-28,USR_449,Walmart,Retail,12.03,0
TXN_10017,2023-08-11,USR_180,Shell,Gas Station,45.34,0
TXN_10018,2023-04-02,USR_359,Uber,Transport,13.36,0
TXN_10019,2023-03-24,USR_376,Netflix,Entertainment,8.07,0
TXN_10020,2023-02-27,USR_285,Shell,Gas Station,143.4,0
TXN_10021,2023-10-18,USR_140,Walmart,,26.42,0
TXN_10022,2023-09-01,USR_381,Amazon,E-commerce,35.43,0
TXN_10023,2023-12-20,USR_202,Netflix,Entertainment,7.97,0
TXN_10024,2023-09-22,USR_331,Shell,,19.21,0
TXN_10025,2023-01-04,USR_136,Netflix,Entertainment,37.0,0
TXN_10026,2023-02-06,USR_363,Walmart,Retail,10.48,0
TXN_10027,2023-10-20,USR_395,Amazon,E-commerce,48.22,0
TXN_10028,2023-12-04,USR_320,Netflix,Entertainment,18.16,0
TXN_10029,2023-11-27,USR_150,Walmart,,24.74,0
TXN_10030,2023-04-08,USR_374,Target,Retail,18.14,0
TXN_10031,2023-02-08,USR_326,Netflix,Entertainment,211.09,0
TXN_10032,2023-05-02,USR_185,Walmart,Retail,32.67,0
TXN_10033,2023-01-02,USR_299,Walmart,Retail,11.5,0
TXN_10034,2023-10-12,USR_438,Starbucks,Food & Beverage,75.38,0
TXN_10035,2023-10-05,USR_131,Walmart,Retail,9.77,0
TXN_10036,2023-09-18,USR_141,Amazon,E-commerce,40.81,0
TXN_10037,2023-10-19,USR_226,Netflix,Entertainment,-4.67,0
TXN_10038,2023-04-15,USR_442,Shell,Gas Station,8.77,0
TXN_10039,2023-02-07,USR_104,Uber,Transport,40.32,0
TXN_10040,2023-09-17,USR_235,Target,,69.3,0
TXN_10041,2023-03-22,USR_324,Netflix,Entertainment,39.31,0
TXN_10042,2023-10-11,USR_253,Walmart,Retail,29.5,0
TXN_10043,2023-02-24,USR_480,Uber,Transport,24.51,0
TXN_10044,2023-11-21,USR_235,Shell,Gas Station,7.55,0
TXN_10045,2023-08-05,USR_241,Walmart,,16.12,0
TXN_10046,2023-08-15,USR_382,Uber,Transport,20.89,0
TXN_10047,2023-07-09,,Amazon,E-commerce,95.31,0
TXN_10048,2023-01-21,USR_283,Shell,Gas Station,46.69,0
TXN_10049,2023-03-21,USR_221,Starbucks,Food & Beverage,5.68,0
TXN_10050,2023-06-20,USR_500,Starbucks,Food & Beverage,192.7618614849956,1
TXN_10051,2023-12-26,USR_155,Netflix,Entertainment,-22.53,0
TXN_10052,2023-08-24,USR_279,Netflix,Entertainment,16.83,0
TXN_10053,2023-07-24,USR_268,Walmart,Retail,61.05,0
TXN_10054,2023-07-24,USR_447,Shell,Gas Station,92.85,0
TXN_10055,2023-05-14,,Target,Retail,84.04,0
TXN_10056,2023-06-10,USR_323,Starbucks,Food & Beverage,14.31,0
TXN_10057,2023-12-29,USR_323,Netflix,,24.31,0
TXN_10058,2023-02-05,USR_440,Netflix,Entertainment,46.12,0
TXN_10059,2023-06-03,USR_359,Target,Retail,87.84,0
TXN_10060,2023-04-09,USR_315,Uber,Transport,20.51,0
TXN_10061,2023-06-04,USR_307,Amazon,E-commerce,-27.5,0
TXN_10062,2023-11-07,USR_435,Starbucks,Food & Beverage,10.95,0
TXN_10063,2023-03-28,USR_437,McDonalds,,10.01,0
TXN_10064,2023-05-01,USR_444,Shell,Gas Station,74.63,0
TXN_10065,2023-09-01,USR_412,Walmart,Retail,128.54,0
TXN_10066,2023-07-16,USR_353,Netflix,Entertainment,30.81,0
TXN_10067,2023-04-23,USR_190,Target,Retail,90.34,0
TXN_10068,2023-03-04,USR_333,Netflix,,47.54,0
TXN_10069,2023-08-15,USR_413,Shell,Gas Station,17.37,0
TXN_10070,2023-09-01,USR_330,McDonalds,Food & Beverage,47.53,0
TXN_10071,2023-05-21,USR_325,McDonalds,,154.17,0
TXN_10072,2023-02-11,USR_170,Shell,Gas Station,31.95,0
TXN_10073,2023-07-28,USR_269,Netflix,Entertainment,158.32,0
TXN_10074,2023-10-27,USR_456,Starbucks,,2.41,0
TXN_10075,2023-07-19,USR_314,McDonalds,Food & Beverage,230.15397181580565,1
TXN_10076,2023-05-20,USR_323,Netflix,Entertainment,36.13,0
TXN_10077,2023-08-28,USR_165,Starbucks,Food & Beverage,24.56,0
TXN_10078,2023-08-08,USR_169,Walmart,Retail,36.3,0
TXN_10079,2023-06-17,USR_272,Shell,Gas Station,4.54,0
TXN_10080,2023-02-11,USR_340,Starbucks,,26.58,0
TXN_10081,2023-02-05,,Shell,Gas Station,-47.33,0
TXN_10082,2023-01-11,USR_418,Netflix,Entertainment,145.17,0
TXN_10083,2023-05-12,USR_492,Netflix,Entertainment,19.72,0
TXN_10084,2023-03-25,USR_259,Target,,-14.75,0
TXN_10085,2023-04-12,USR_138,Starbucks,Food & Beverage,20.05,0
TXN_10086,2023-11-04,,Uber,Transport,82.72,0
TXN_10087,2023-02-05,USR_359,Starbucks,Food & Beverage,-46.01,0
TXN_10088,2023-07-05,USR_425,McDonalds,Food & Beverage,19.5,0
TXN_10089,2023-11-30,USR_238,Amazon,E-commerce,55.33,0
TXN_10090,2023-10-31,USR_237,McDonalds,Food & Beverage,36.49,0
TXN_10091,2023-05-05,USR_484,Uber,Transport,87.24,0
TXN_10092,2023-06-16,USR_193,Walmart,Retail,16.41,0
TXN_10093,2023-12-26,USR_241,Uber,Transport,23.86,0
TXN_10094,2023-09-08,USR_384,Netflix,Entertainment,22.37,0
TXN_10095,2023-01-09,USR_147,McDonalds,Food & Beverage,7.66,0
TXN_10096,2023-09-29,USR_276,Shell,Gas Station,44.53,0
TXN_10097,2023-05-09,USR_218,McDonalds,,42.99,0
TXN_10098,2023-09-05,USR_241,Amazon,E-commerce,33.29,0
TXN_10099,2023-04-10,,Uber,Transport,26.19,0
TXN_10100,2023-01-28,USR_383,Amazon,E-commerce,8.04,0
TXN_10101,2023-01-07,USR_393,McDonalds,Food & Beverage,21.74,0
TXN_10102,2023-09-02,USR_158,Walmart,Retail,23.51,0
TXN_10103,2023-10-16,USR_255,Walmart,,14.85,0
TXN_10104,2023-11-13,USR_215,Starbucks,Food & Beverage,28.18,0
TXN_10105,2023-08-08,USR_256,Uber,Transport,49.6,0
TXN_10106,2023-04-17,USR_420,Target,Retail,218.37,0
TXN_10107,2023-03-22,USR_101,Amazon,E-commerce,39.43,0
TXN_10108,2023-12-28,USR_244,Walmart,Retail,42.84,0
TXN_10109,2023-11-17,USR_401,Uber,Transport,30.74,0
TXN_10110,2023-05-17,USR_172,Netflix,,4.86,0
TXN_10111,2023-08-28,USR_452,Uber,Transport,32.25,0
TXN_10112,2023-11-03,USR_120,McDonalds,Food & Beverage,35.17,0
TXN_10113,2023-12-12,USR_394,Walmart,Retail,-388.87,0
TXN_10114,2023-03-31,USR_340,Uber,Transport,27.32,0
TXN_10115,2023-09-09,USR_146,Starbucks,Food & Beverage,44.77,0
TXN_10116,2023-06-18,USR_310,Target,Retail,31.99,0
TXN_10117,2023-06-11,USR_229,Walmart,Retail,10.29,0
TXN_10118,2023-10-05,USR_336,Walmart,Retail,103.84,0
TXN_10119,2023-01-27,USR_204,McDonalds,Food & Beverage,70.24,0
TXN_10120,2023-11-19,USR_411,McDonalds,Food & Beverage,73.04,0
TXN_10121,2023-02-17,USR_215,Walmart,Retail,13.34,0
TXN_10122,2023-03-20,USR_355,Target,Retail,134.67,0
TXN_10123,2023-08-30,USR_224,Starbucks,Food & Beverage,8.15,0
TXN_10124,2023-05-22,USR_495,Amazon,E-commerce,59.55,0
TXN_10125,2023-05-25,USR_471,Uber,Transport,296.03,0
TXN_10126,2023-08-17,USR_375,McDonalds,Food & Beverage,12.3,0
TXN_10127,2023-06-14,USR_196,Starbucks,Food & Beverage,18.8,0
TXN_10128,2023-08-31,USR_461,Starbucks,Food & Beverage,36.59,0
TXN_10129,2023-01-19,USR_164,Amazon,E-commerce,20.02,0
TXN_10130,2023-08-22,USR_107,McDonalds,Food & Beverage,7.02,0
TXN_10131,2023-05-16,USR_273,Amazon,E-commerce,35.47,0
TXN_10132,2023-10-01,USR_294,Shell,Gas Station,11.45,0
TXN_10133,2023-01-19,USR_416,McDonalds,,53.18,0
TXN_10134,2023-08-11,USR_150,Netflix,Entertainment,13.2,0
TXN_10135,2023-01-15,USR_123,Amazon,E-commerce,156.01,0
TXN_10136,2023-09-29,USR_310,Starbucks,Food & Beverage,15.13,0
TXN_10137,2023-07-15,USR_417,Target,Retail,24.0,0
TXN_10138,2023-05-11,USR_335,Netflix,Entertainment,-74.7,0
TXN_10139,2023-03-22,USR_137,Uber,Transport,9.67,0
TXN_10140,2023-08-22,USR_254,Starbucks,Food & Beverage,41.57,0
TXN_10141,2023-07-03,,Netflix,Entertainment,122.38,0
TXN_10142,2023-10-17,USR_451,Starbucks,Food & Beverage,6.64,0
TXN_10143,2023-05-27,USR_497,McDonalds,Food & Beverage,39.83,0
TXN_10144,2023-12-14,USR_486,Netflix,Entertainment,42.94,0
TXN_10145,2023-11-27,USR_120,Target,Retail,72.37,0
TXN_10146,2023-06-01,USR_267,Amazon,E-commerce,9.61,0
TXN_10147,2023-05-20,USR_184,Shell,Gas Station,8.84,0
TXN_10148,2023-06-23,USR_158,Uber,Transport,55.81,0
TXN_10149,2023-12-12,USR_303,Netflix,Entertainment,44.57,0
TXN_10150,2023-08-21,USR_288,Starbucks,Food & Beverage,153.55735798129732,1
TXN_10151,2023-04-30,USR_341,Shell,,46.83,0
TXN_10152,2023-11-22,USR_337,Netflix,Entertainment,16.78,0
TXN_10153,2023-01-20,USR_255,Amazon,E-commerce,41.77,0
TXN_10154,2023-07-09,USR_443,Amazon,E-commerce,44.39,0
TXN_10155,2023-12-02,USR_150,Amazon,E-commerce,16.21,0
TXN_10156,2023-07-09,USR_211,Uber,Transport,213.96,0
TXN_10157,2023-07-08,USR_378,Target,Retail,53.19,0
TXN_10158,2023-03-04,USR_332,Uber,,10.06,0
TXN_10159,2023-06-20,USR_224,Walmart,Retail,63.85,0
TXN_10160,2023-04-30,USR_268,Netflix,Entertainment,12.49,0
TXN_10161,2023-03-16,USR_166,Uber,Transport,72.75,0
TXN_10162,2023-07-03,USR_221,Walmart,Retail,-105.49,0
TXN_10163,2023-09-27,USR_158,Amazon,E-commerce,14.58,0
TXN_10164,2023-04-24,USR_414,Target,,86.78,0
TXN_10165,2023-01-16,USR_131,Uber,Transport,50.04,0
TXN_10166,2023-08-16,USR_137,Target,Retail,75.34,0
TXN_10167,2023-11-21,USR_399,Amazon,E-commerce,220.7,0
TXN_10168,2023-11-06,USR_320,Uber,,25.91,0
TXN_10169,2023-04-27,USR_311,Netflix,Entertainment,15.58,0
TXN_10170,2023-06-10,USR_440,Target,Retail,13.61,0
TXN_10171,2023-02-13,USR_147,McDonalds,Food & Beverage,14.65,0
TXN_10172,2023-10-28,USR_387,Amazon,E-commerce,30.66,0
TXN_10173,2023-01-27,USR_247,Starbucks,Food & Beverage,46.58,0
TXN_10174,2023-09-04,USR_214,Netflix,Entertainment,43.67,0
TXN_10175,2023-10-21,USR_215,Target,Retail,75.73,0
TXN_10176,2023-12-03,USR_455,Walmart,Retail,33.55,0
TXN_10177,2023-06-29,USR_103,Uber,Transport,141.67,0
TXN_10178,2023-11-21,USR_115,Target,,25.42,0
TXN_10179,2023-07-09,USR_259,McDonalds,Food & Beverage,502.79,0
TXN_10180,2023-03-21,USR_180,Target,Retail,-61.91,0
TXN_10181,2023-09-06,USR_410,McDonalds,Food & Beverage,14.05,0
TXN_10182,2023-02-26,USR_245,Target,Retail,11.35,0
TXN_10183,2023-07-22,USR_406,Uber,,53.65,0
TXN_10184,2023-05-29,USR_267,Amazon,,26.48,0
TXN_10185,2023-12-27,USR_217,Amazon,E-commerce,67.63,0
TXN_10186,2023-01-22,USR_323,Target,,53.16,0
TXN_10187,2023-12-30,,Starbucks,Food & Beverage,30.79,0
TXN_10188,2023-11-13,USR_335,Shell,Gas Station,14.2,0
TXN_10189,2023-10-29,USR_305,Target,Retail,7.28,0
TXN_10190,2023-03-28,USR_139,Shell,Gas Station,21.19,0
TXN_10191,2023-11-27,USR_175,Shell,Gas Station,77.98,0
TXN_10192,2023-12-02,USR_138,Amazon,E-commerce,41.02,0
TXN_10193,2023-10-17,USR_429,McDonalds,Food & Beverage,9.53,0
TXN_10194,2023-02-04,USR_340,Shell,Gas Station,39.38,0
TXN_10195,2023-02-07,USR_258,Walmart,Retail,-48.68,0
TXN_10196,2023-02-16,USR_414,Uber,Transport,13.68,0
TXN_10197,2023-10-20,USR_433,Walmart,Retail,38.62,0
TXN_10198,2023-06-25,,Walmart,,35.1,0
TXN_10199,2023-09-26,USR_367,McDonalds,Food & Beverage,10.56,0
TXN_10200,2023-06-23,USR_447,Starbucks,Food & Beverage,47.36,0
TXN_10201,2023-10-13,USR_447,Target,Retail,58.02,0
TXN_10202,2023-10-26,USR_439,Amazon,,97.81,0
TXN_10203,2023-12-29,USR_143,Starbucks,Food & Beverage,94.99,0
TXN_10204,2023-12-17,USR_369,Amazon,,8.35,0
TXN_10205,2023-04-03,USR_209,Walmart,Retail,12.96,0
TXN_10206,2023-06-01,USR_151,Amazon,E-commerce,55.43,0
TXN_10207,2023-11-13,USR_167,Walmart,Retail,55.36,0
TXN_10208,2023-01-23,USR_310,Amazon,E-commerce,55.43,0
TXN_10209,2023-08-18,USR_219,Uber,Transport,1560.45,0
TXN_10210,2023-04-10,USR_288,McDonalds,Food & Beverage,58.61,0
TXN_10211,2023-09-15,USR_370,Uber,Transport,103.09,0
TXN_10212,2023-01-27,USR_428,Amazon,E-commerce,85.97,0
TXN_10213,2023-03-24,USR_239,Target,Retail,63.52,0
TXN_10214,2023-04-24,USR_330,Target,Retail,24.16,0
TXN_10215,2023-05-01,,Starbucks,Food & Beverage,70.74,0
TXN_10216,2023-11-29,USR_271,Target,Retail,15.29,0
TXN_10217,2023-03-13,,McDonalds,Food & Beverage,26.13,0
TXN_10218,2023-03-18,USR_380,Target,Retail,53.94513107679519,1
TXN_10219,2023-03-04,USR_124,Uber,Transport,35.94,0
TXN_10220,2023-09-13,USR_405,Target,Retail,335.18,0
TXN_10221,2023-01-01,USR_414,Amazon,E-commerce,5.12,0
TXN_10222,2023-07-04,USR_134,Target,Retail,65.78,0
TXN_10223,2023-08-29,USR_122,Walmart,Retail,6.6,0
TXN_10224,2023-02-04,USR_276,Walmart,Retail,20.66,0
TXN_10225,2023-06-30,USR_379,Shell,Gas Station,98.39,0
TXN_10226,2023-09-03,USR_423,McDonalds,Food & Beverage,35.31,0
TXN_10227,2023-04-14,USR_122,McDonalds,Food & Beverage,11.27,0
TXN_10228,2023-10-06,USR_342,Uber,Transport,16.19,0
TXN_10229,2023-01-25,USR_435,Shell,Gas Station,65.34,0
TXN_10230,2023-07-17,USR_273,Starbucks,Food & Beverage,15.95,0
TXN_10231,2023-08-06,USR_140,Uber,Transport,41.12,0
TXN_10232,2023-02-10,USR_267,Uber,Transport,34.66,0
TXN_10233,2023-08-16,USR_279,Starbucks,Food & Beverage,17.26,0
TXN_10234,2023-01-30,USR_138,Starbucks,Food & Beverage,282.58,0
TXN_10235,2023-03-15,USR_411,Amazon,E-commerce,62.42,0
TXN_10236,2023-07-07,USR_285,Netflix,Entertainment,4.37,0
TXN_10237,2023-07-10,USR_327,McDonalds,Food & Beverage,39.9,0
TXN_10238,2023-05-23,USR_227,Starbucks,Food & Beverage,-17.09,0
TXN_10239,2023-03-02,USR_234,Starbucks,Food & Beverage,77.67,0
TXN_10240,2023-09-09,USR_202,Uber,,14.99,0
TXN_10241,2023-12-16,USR_263,McDonalds,Food & Beverage,29.53,0
TXN_10242,2023-03-22,USR_464,Uber,Transport,54.87,0
TXN_10243,2023-03-04,USR_202,Shell,Gas Station,78.71,0
TXN_10244,2023-07-08,USR_339,Shell,Gas Station,9.97,0
TXN_10245,2023-07-23,USR_467,Target,Retail,23.7,0
TXN_10246,2023-06-12,USR_428,Target,,20.6,0
TXN_10247,2023-10-10,USR_427,Amazon,E-commerce,17.23,0
TXN_10248,2023-09-23,USR_178,Walmart,Retail,193.53,0
TXN_10249,2023-09-23,USR_245,Netflix,Entertainment,49.65,0
TXN_10250,2023-06-05,USR_414,Uber,Transport,9.39,0
TXN_10251,2023-11-16,USR_468,Amazon,E-commerce,82.92,0
TXN_10252,2023-01-15,USR_141,Walmart,,276.48,0
TXN_10253,2023-08-02,USR_416,Netflix,Entertainment,92.99,0
TXN_10254,2023-06-04,USR_347,Uber,Transport,7.25,0
TXN_10255,2023-01-31,USR_180,McDonalds,Food & Beverage,20.4,0
TXN_10256,2023-06-13,USR_475,Amazon,E-commerce,117.56,0
TXN_10257,2023-02-24,USR_263,Shell,Gas Station,16.32,0
TXN_10258,2023-05-29,USR_296,Amazon,E-commerce,51.62,0
TXN_10259,2023-10-23,USR_469,Amazon,E-commerce,71.85,0
TXN_10260,2023-06-07,USR_354,McDonalds,,13.11,0
TXN_10261,2023-06-30,USR_124,Netflix,,31.2,0
TXN_10262,2023-01-05,USR_155,McDonalds,Food & Beverage,1.3,0
TXN_10263,2023-07-25,USR_126,Starbucks,Food & Beverage,11.89,0
TXN_10264,2023-08-19,USR_491,Target,Retail,25.72,0
TXN_10265,2023-02-19,USR_301,Target,Retail,9.51,0
TXN_10266,2023-04-12,,Shell,Gas Station,169.43,0
TXN_10267,2023-08-31,USR_365,Amazon,E-commerce,7.92,0
TXN_10268,2023-06-13,USR_183,Shell,Gas Station,21.33,0
TXN_10269,2023-09-18,USR_372,Shell,Gas Station,37.74,0
TXN_10270,2023-12-11,USR_156,Walmart,Retail,139.95,0
TXN_10271,2023-05-16,USR_435,Walmart,Retail,7.88,0
TXN_10272,2023-03-29,USR_368,Walmart,Retail,105.97,0
TXN_10273,2023-05-05,USR_116,Amazon,E-commerce,33.46,0
TXN_10274,2023-03-19,USR_311,McDonalds,Food & Beverage,12.41,0
TXN_10275,2023-02-01,USR_461,McDonalds,,52.57,0
TXN_10276,2023-06-10,USR_188,McDonalds,Food & Beverage,40.41,0
TXN_10277,2023-04-09,USR_226,Uber,Transport,18.17,0
TXN_10278,2023-12-27,USR_206,Uber,Transport,35.51,0
TXN_10279,2023-10-21,USR_446,Uber,Transport,22.53,0
TXN_10280,2023-03-16,USR_248,Shell,,37.1,0
TXN_10281,2023-09-03,USR_209,McDonalds,Food & Beverage,64.21,0
TXN_10282,2023-11-12,USR_479,Uber,Transport,161.74,0
TXN_10283,2023-01-27,USR_151,Netflix,Entertainment,9.6,0
TXN_10284,2023-03-22,USR_308,Amazon,E-commerce,1020.5071369831819,1
TXN_10285,2023-05-28,USR_264,Netflix,Entertainment,4.7,0
TXN_10286,2023-01-20,USR_189,Netflix,Entertainment,28.45,0
TXN_10287,2023-07-23,USR_353,Walmart,Retail,59.64,0
TXN_10288,2023-01-05,USR_252,Uber,Transport,43.86,0
TXN_10289,2023-11-25,USR_378,Uber,Transport,17.77,0
TXN_10290,2023-02-27,USR_269,McDonalds,Food & Beverage,26.89,0
TXN_10291,2023-06-01,USR_390,Amazon,E-commerce,60.919338163522546,1
TXN_10292,2023-09-21,USR_267,Starbucks,,18.37,0
TXN_10293,2023-05-08,USR_103,Amazon,E-commerce,77.45,0
TXN_10294,2023-10-21,USR_105,Shell,Gas Station,47.32,0
TXN_10295,2023-03-23,USR_307,Target,Retail,16.56,0
TXN_10296,2023-11-24,USR_251,Uber,Transport,81.42,0
TXN_10297,2023-11-07,USR_291,McDonalds,Food & Beverage,45.03,0
TXN_10298,2023-12-15,USR_486,Netflix,Entertainment,74.65,0
TXN_10299,2023-10-16,USR_157,Shell,,62.15,0
TXN_10300,2023-09-24,USR_326,Amazon,,14.45,0
TXN_10301,2023-08-17,USR_128,Target,Retail,18.91,0
TXN_10302,2023-12-11,USR_257,Walmart,Retail,69.92,0
TXN_10303,2023-01-24,USR_316,Netflix,Entertainment,60.97,0
TXN_10304,2023-08-30,USR_116,Target,Retail,32.43,0
TXN_10305,2023-07-15,USR_329,Starbucks,Food & Beverage,37.24,0
TXN_10306,2023-06-28,USR_160,Amazon,E-commerce,118.83,0
TXN_10307,2023-01-12,USR_252,Netflix,Entertainment,18.33,0
TXN_10308,2023-05-07,USR_335,Starbucks,Food & Beverage,57.23,0
TXN_10309,2023-12-05,USR_314,Target,Retail,27.05,0
TXN_10310,2023-02-21,USR_404,Netflix,,26.64,0
TXN_10311,2023-01-23,USR_305,Walmart,Retail,99.36,0
TXN_10312,2023-05-29,USR_219,Walmart,Retail,75.6,0
TXN_10313,2023-03-15,USR_438,Shell,Gas Station,74.7,0
TXN_10314,2023-08-07,USR_384,Amazon,E-commerce,122.18,0
TXN_10315,2023-06-13,USR_456,Starbucks,Food & Beverage,33.82,0
TXN_10316,2023-04-26,USR_253,McDonalds,Food & Beverage,65.49,0
TXN_10317,2023-08-02,USR_385,Walmart,Retail,24.28,0
TXN_10318,2023-08-19,USR_289,Shell,,45.79,0
TXN_10319,2023-11-06,USR_408,Uber,,29.07,0
TXN_10320,2023-06-20,USR_255,Netflix,Entertainment,-36.49,0
TXN_10321,2023-09-03,USR_224,Target,Retail,60.05,0
TXN_10322,2023-05-25,USR_294,Netflix,Entertainment,14.61,0
TXN_10323,2023-09-12,USR_338,Shell,,268.38,0
TXN_10324,2023-07-09,USR_260,Shell,Gas Station,12.11,0
TXN_10325,2023-10-27,USR_396,Amazon,E-commerce,35.977158008858716,1
TXN_10326,2023-05-06,USR_355,Netflix,Entertainment,105.44,0
TXN_10327,2023-11-25,USR_478,McDonalds,Food & Beverage,73.09,0
TXN_10328,2023-10-07,USR_350,Amazon,E-commerce,61.81,0
TXN_10329,2023-02-08,USR_442,Walmart,,-62.08,0
TXN_10330,2023-03-19,USR_104,Netflix,Entertainment,32.71,0
TXN_10331,2023-01-09,,McDonalds,Food & Beverage,13.5,0
TXN_10332,2023-05-27,USR_108,Uber,Transport,35.72,0
TXN_10333,2023-02-19,USR_368,Amazon,,16.82,0
TXN_10334,2023-07-23,USR_140,Shell,Gas Station,87.81,0
TXN_10335,2023-02-11,,Netflix,Entertainment,28.59,0
TXN_10336,2023-10-10,USR_343,Starbucks,,-14.51,0
TXN_10337,2023-11-27,USR_269,McDonalds,Food & Beverage,24.01,0
TXN_10338,2023-12-21,USR_390,Walmart,Retail,-50.05,0
TXN_10339,2023-10-16,USR_436,Uber,,18.85,0
TXN_10340,2023-12-31,USR_303,Netflix,Entertainment,14.55,0
TXN_10341,2023-10-04,USR_269,Starbucks,Food & Beverage,42.25,0
TXN_10342,2023-06-27,USR_127,Target,,42.31,0
TXN_10343,2023-06-17,USR_115,Starbucks,Food & Beverage,19.95,0
TXN_10344,2023-07-12,USR_321,Netflix,Entertainment,20.68,0
TXN_10345,2024-01-01,USR_137,Uber,,41.76,0
TXN_10346,2023-06-12,USR_284,Amazon,,-7.78,0
TXN_10347,2023-02-22,USR_167,Shell,,8.11,0
TXN_10348,2023-02-15,USR_281,Starbucks,Food & Beverage,16.14,0
TXN_10349,2023-02-13,USR_471,Starbucks,Food & Beverage,86.70825809889222,1
TXN_10350,2023-03-28,USR_171,Amazon,E-commerce,45.19,0
TXN_10351,2023-08-04,USR_253,Amazon,E-commerce,144.8,0
TXN_10352,2023-09-11,USR_404,Netflix,Entertainment,78.07,0
TXN_10353,2023-06-20,USR_417,Walmart,Retail,28.22,0
TXN_10354,2023-11-30,USR_404,Starbucks,,32.49,0
TXN_10355,2023-04-01,USR_303,Netflix,Entertainment,12.15,0
TXN_10356,2023-05-05,USR_266,McDonalds,Food & Beverage,32.51,0
TXN_10357,2023-04-13,USR_403,Target,Retail,24.81,0
TXN_10358,2023-08-25,USR_462,Walmart,Retail,45.73,0
TXN_10359,2023-07-29,USR_444,Target,Retail,14.48,0
TXN_10360,2023-07-13,USR_137,Amazon,E-commerce,55.66,0
TXN_10361,2023-07-04,USR_459,Starbucks,Food & Beverage,153.35,0
TXN_10362,2023-05-08,USR_436,Target,Retail,29.7,0
TXN_10363,2023-06-19,USR_320,Starbucks,,49.49,0
TXN_10364,2023-07-20,USR_337,Netflix,Entertainment,66.03,0
TXN_10365,2023-09-05,USR_153,Shell,Gas Station,22.17,0
TXN_10366,2023-06-25,USR_333,Amazon,E-commerce,41.43,0
TXN_10367,2023-12-23,USR_331,Target,Retail,33.54,0
TXN_10368,2023-02-25,USR_446,Target,Retail,110.59732759589065,1
TXN_10369,2023-06-19,USR_386,Amazon,E-commerce,15.29,0
TXN_10370,2023-12-03,USR_321,Amazon,E-commerce,33.94,0
TXN_10371,2023-07-19,USR_102,McDonalds,Food & Beverage,54.49,0
TXN_10372,2023-10-02,USR_195,Target,Retail,141.34,0
TXN_10373,2023-11-24,USR_260,McDonalds,Food & Beverage,86.42,0
TXN_10374,2023-08-23,USR_416,Shell,Gas Station,285.2,0
TXN_10375,2023-06-10,USR_160,Target,Retail,15.37,0
TXN_10376,2023-08-03,USR_405,Amazon,,79.23,0
TXN_10377,2023-09-08,USR_247,Amazon,,39.78,0
TXN_10378,2023-01-05,USR_348,Walmart,,295.84,0
TXN_10379,2023-09-09,USR_312,McDonalds,Food & Beverage,14.76,0
TXN_10380,2023-04-23,USR_249,Walmart,,14.3,0
TXN_10381,2023-09-11,USR_381,McDonalds,Food & Beverage,18.19,0
TXN_10382,2023-01-22,USR_489,Shell,Gas Station,3.96,0
TXN_10383,2023-12-01,,Target,Retail,19.57,0
TXN_10384,2023-02-14,USR_324,Uber,Transport,15.5,0
TXN_10385,2023-10-29,USR_452,Netflix,Entertainment,38.49,0
TXN_10386,2023-04-16,USR_205,Amazon,E-commerce,46.61,0
TXN_10387,2023-12-27,USR_249,Amazon,E-commerce,216.19,0
TXN_10388,2023-07-30,USR_130,Target,Retail,85.66,0
TXN_10389,2023-12-31,USR_264,Amazon,E-commerce,18.6,0
TXN_10390,2023-11-20,USR_237,McDonalds,Food & Beverage,13.49,0
TXN_10391,2023-05-23,USR_455,Target,Retail,54.16,0
TXN_10392,2023-02-17,USR_474,Shell,Gas Station,8.84,0
TXN_10393,2023-07-23,USR_211,Target,Retail,206.74,0
TXN_10394,2023-06-22,USR_380,Shell,Gas Station,107.71,0
TXN_10395,2023-01-25,USR_123,Shell,,20.71,0
TXN_10396,2023-03-22,USR_325,Target,Retail,5.97,0
TXN_10397,2023-06-04,USR_181,Amazon,E-commerce,128.24,0
TXN_10398,2023-07-10,USR_440,Shell,Gas Station,29.53,0
TXN_10399,2023-04-30,,Uber,Transport,114.18,0
TXN_10400,2023-10-31,,McDonalds,Food & Beverage,6.72,0
TXN_10401,2023-08-05,USR_455,Shell,,18.19,0
TXN_10402,2023-07-08,USR_253,Target,,33.29,0
TXN_10403,2023-12-13,USR_173,Amazon,,34.71,0
TXN_10404,2023-04-20,USR_421,Amazon,E-commerce,21.11,0
TXN_10405,2023-02-14,USR_151,McDonalds,,61.73,0
TXN_10406,2023-06-11,USR_171,Shell,Gas Station,11.39,0
TXN_10407,2023-12-20,USR_113,Uber,Transport,28.72,0
TXN_10408,2023-06-01,USR_430,Netflix,,37.35,0
TXN_10409,2023-05-04,USR_355,McDonalds,Food & Beverage,55.39,0
TXN_10410,2023-06-12,USR_167,Walmart,Retail,67.47,0
TXN_10411,2023-02-07,USR_108,Amazon,E-commerce,-10.75,0
TXN_10412,2023-07-23,USR_359,Walmart,Retail,7.14,0
TXN_10413,2023-02-12,USR_427,Starbucks,Food & Beverage,118.83,0
TXN_10414,2023-04-15,USR_179,Uber,Transport,46.17,0
TXN_10415,2023-08-12,USR_473,Target,Retail,15.67,0
TXN_10416,2023-11-10,USR_411,Starbucks,,156.2,0
TXN_10417,2023-12-29,USR_170,Amazon,E-commerce,37.18,0
TXN_10418,2023-03-06,USR_483,Uber,Transport,107.69,0
TXN_10419,2023-08-08,USR_239,Walmart,Retail,35.43,0
TXN_10420,2023-09-19,USR_284,Target,,260.02,0
TXN_10421,2023-02-22,USR_393,Amazon,E-commerce,191.59,0
TXN_10422,2023-01-07,USR_225,Walmart,,25.82,0
TXN_10423,2023-01-19,USR_383,Amazon,E-commerce,87.49,0
TXN_10424,2023-08-02,USR_468,Netflix,Entertainment,63.14,0
TXN_10425,2023-01-27,,Target,Retail,130.14,0
TXN_10426,2023-08-27,USR_244,Starbucks,Food & Beverage,12.62,0
TXN_10427,2023-10-16,USR_255,McDonalds,Food & Beverage,171.10840515319913,1
TXN_10428,2023-04-11,USR_475,McDonalds,Food & Beverage,95.43,0
TXN_10429,2023-01-13,USR_219,Walmart,Retail,5.7,0
TXN_10430,2023-01-01,USR_488,Walmart,Retail,10.14,0
TXN_10431,2023-05-02,USR_314,Target,Retail,4.31,0
TXN_10432,2023-04-29,USR_366,Uber,Transport,25.29,0
TXN_10433,2023-09-16,USR_168,Target,Retail,67.87,0
TXN_10434,2023-03-08,USR_221,Walmart,Retail,148.76,0
TXN_10435,2023-06-17,USR_262,Starbucks,Food & Beverage,35.66,0
TXN_10436,2023-10-27,USR_155,Amazon,E-commerce,168.78,0
TXN_10437,2023-07-03,USR_494,Starbucks,Food & Beverage,8.33,0
TXN_10438,2023-12-18,,Target,Retail,6.03,0
TXN_10439,2023-12-31,,Shell,Gas Station,31.33,0
TXN_10440,2023-03-31,USR_115,Uber,Transport,48.62,0
TXN_10441,2023-02-22,USR_171,Netflix,,32.05,0
TXN_10442,2023-07-25,USR_290,Netflix,Entertainment,4.19,0
TXN_10443,2023-02-08,USR_111,Uber,Transport,30.29,0
TXN_10444,2023-06-19,USR_162,Amazon,,8.98,0
TXN_10445,2023-07-22,USR_354,Starbucks,,64.69,0
TXN_10446,2023-05-21,USR_243,Netflix,Entertainment,47.78,0
TXN_10447,2023-09-13,USR_310,Netflix,Entertainment,12.94,0
TXN_10448,2023-04-13,USR_429,Starbucks,Food & Beverage,19.81,0
TXN_10449,2024-01-01,USR_283,Walmart,Retail,11.48,0
TXN_10450,2023-04-03,USR_113,Shell,Gas Station,31.1,0
TXN_10451,2023-08-30,USR_371,Uber,Transport,86.07,0
TXN_10452,2023-12-03,USR_223,Amazon,E-commerce,12.36,0
TXN_10453,2023-04-23,USR_394,Walmart,Retail,54.82,0
TXN_10454,2023-10-31,USR_262,Amazon,E-commerce,19.49,0
TXN_10455,2023-06-30,USR_390,Walmart,Retail,14.99,0
TXN_10456,2023-03-31,USR_351,McDonalds,,29.75,0
TXN_10457,2023-01-01,USR_269,Walmart,Retail,11.76,0
TXN_10458,2023-06-15,USR_130,Amazon,,19.04,0
TXN_10459,2023-07-06,USR_137,Target,Retail,10.0,0
TXN_10460,2023-06-15,USR_169,Target,Retail,236.21,0
TXN_10461,2023-03-31,USR_462,McDonalds,Food & Beverage,34.3,0
TXN_10462,2023-10-29,USR_189,Shell,Gas Station,16.45,0
TXN_10463,2023-12-26,USR_393,Amazon,E-commerce,41.02,0
TXN_10464,2023-06-12,USR_413,Walmart,Retail,29.6,0
TXN_10465,2023-02-09,USR_221,Amazon,E-commerce,26.55,0
TXN_10466,2023-12-10,,Target,Retail,61.2,0
TXN_10467,2023-02-04,,Netflix,Entertainment,70.63,0
TXN_10468,2023-08-03,USR_185,Starbucks,Food & Beverage,19.48,0
TXN_10469,2023-09-03,USR_395,Starbucks,Food & Beverage,18.62,0
TXN_10470,2023-01-18,USR_250,Target,,25.15,0
TXN_10471,2023-07-12,USR_182,Shell,Gas Station,3.31,0
TXN_10472,2023-11-11,USR_347,Target,Retail,7.28,0
TXN_10473,2023-02-21,USR_269,Starbucks,Food & Beverage,129.91,0
TXN_10474,2023-06-02,USR_221,Uber,,171.57,0
TXN_10475,2023-07-04,USR_101,McDonalds,Food & Beverage,25.82,0
TXN_10476,2023-01-14,USR_205,McDonalds,Food & Beverage,58.94,0
TXN_10477,2023-07-23,USR_341,Target,Retail,45.21,0
TXN_10478,2023-07-15,USR_289,Starbucks,Food & Beverage,-719.73,0
TXN_10479,2023-05-18,USR_388,Uber,,101.45,0
TXN_10480,2023-10-05,USR_311,Target,Retail,29.14,0
TXN_10481,2023-08-03,USR_374,Starbucks,Food & Beverage,12.74,0
TXN_10482,2023-02-10,USR_302,Netflix,Entertainment,6.64,0
TXN_10483,2023-08-18,USR_188,Amazon,E-commerce,40.59,0
TXN_10484,2023-08-05,USR_140,Netflix,Entertainment,15.54,0
TXN_10485,2023-05-13,USR_263,Amazon,E-commerce,7.99,0
TXN_10486,2023-10-10,USR_266,Starbucks,Food & Beverage,17.35,0
TXN_10487,2023-11-16,USR_400,Walmart,Retail,11.23,0
TXN_10488,2023-10-26,USR_488,Amazon,E-commerce,178.96,0
TXN_10489,2023-10-02,USR_276,Target,Retail,79.97,0
TXN_10490,2023-05-22,USR_306,McDonalds,,32.85,0
TXN_10491,2023-06-19,USR_453,Walmart,Retail,145.47,0
TXN_10492,2023-06-05,USR_259,Shell,Gas Station,159.2982052222685,1
TXN_10493,2023-04-27,USR_168,Target,Retail,14.0,0
TXN_10494,2023-08-02,USR_409,Shell,Gas Station,151.89,0
TXN_10495,2023-09-22,USR_291,Starbucks,Food & Beverage,56.76,0
TXN_10496,2023-07-26,USR_169,Uber,Transport,11.74,0
TXN_10497,2023-04-13,USR_129,Amazon,E-commerce,27.38,0
TXN_10498,2023-08-26,USR_358,Netflix,Entertainment,13.8,0
TXN_10499,2023-11-01,USR_328,Netflix,Entertainment,8.31,0
TXN_10500,2023-05-13,,Shell,Gas Station,83.61,0
TXN_10501,2023-10-20,USR_499,Walmart,Retail,223.5,0
TXN_10502,2023-07-29,USR_362,Netflix,,8.18,0
TXN_10503,2023-03-09,USR_431,Walmart,Retail,58.15,0
TXN_10504,2023-12-30,USR_429,Uber,Transport,17.28,0
TXN_10505,2023-08-27,USR_254,McDonalds,Food & Beverage,20.35,0
TXN_10506,2023-07-11,USR_387,Target,Retail,91.51865583615886,1
TXN_10507,2023-06-22,USR_241,Target,Retail,13.96,0
TXN_10508,2023-09-22,USR_491,Uber,Transport,34.76,0
TXN_10509,2023-12-15,USR_171,Starbucks,Food & Beverage,14.43,0
TXN_10510,2023-07-27,USR_298,Uber,Transport,43.4,0
TXN_10511,2024-01-01,USR_213,Netflix,Entertainment,31.49,0
TXN_10512,2023-03-29,USR_436,Shell,Gas Station,26.08,0
TXN_10513,2023-10-14,USR_490,Amazon,E-commerce,13.36,0
TXN_10514,2023-04-25,USR_481,Target,Retail,18.6,0
TXN_10515,2023-05-31,USR_337,Shell,Gas Station,70.48,0
TXN_10516,2023-04-10,USR_356,Target,,54.65,0
TXN_10517,2023-03-19,USR_170,Starbucks,Food & Beverage,12.46,0
TXN_10518,2023-04-03,USR_498,McDonalds,,36.57,0
TXN_10519,2023-01-03,USR_331,Shell,Gas Station,70.2,0
TXN_10520,2023-02-15,USR_166,Amazon,E-commerce,6.24,0
TXN_10521,2023-01-20,,McDonalds,Food & Beverage,57.02,0
TXN_10522,2023-09-29,USR_197,Shell,,-17.07,0
TXN_10523,2023-06-26,USR_259,Netflix,,58.59,0
TXN_10524,2023-01-24,USR_252,Amazon,E-commerce,15.44,0
TXN_10525,2023-12-18,USR_168,Shell,Gas Station,5.45,0
TXN_10526,2023-07-26,USR_109,Netflix,Entertainment,6.5,0
TXN_10527,2023-03-28,,Walmart,Retail,34.75,0
TXN_10528,2023-11-16,USR_124,Uber,Transport,-42.94,0
TXN_10529,2023-03-01,USR_313,Walmart,Retail,13.41,0
TXN_10530,2023-12-18,USR_422,Amazon,,62.71,0
TXN_10531,2023-12-25,USR_170,Uber,Transport,6.29,0
TXN_10532,2023-02-24,USR_354,Target,Retail,31.0,0
TXN_10533,2023-07-29,USR_251,Netflix,Entertainment,9.86,0
TXN_10534,2023-01-02,USR_106,McDonalds,Food & Beverage,17.26,0
TXN_10535,2023-02-16,USR_499,McDonalds,Food & Beverage,34.72,0
TXN_10536,2023-08-22,USR_251,Uber,Transport,14.01,0
TXN_10537,2023-07-04,USR_446,Walmart,Retail,22.54,0
TXN_10538,2023-11-28,USR_187,Walmart,Retail,218.79145768515764,1
TXN_10539,2023-02-17,USR_290,Uber,Transport,18.6,0
TXN_10540,2023-07-17,USR_453,McDonalds,Food & Beverage,76.38,0
TXN_10541,2023-12-23,USR_471,Amazon,,10.7,0
TXN_10542,2023-09-05,USR_391,Starbucks,Food & Beverage,56.25,0
TXN_10543,2023-12-17,USR_472,Shell,Gas Station,139.99,0
TXN_10544,2023-08-14,,Target,,2.8,0
TXN_10545,2023-12-09,USR_273,Netflix,Entertainment,14.93,0
TXN_10546,2023-05-08,USR_346,Starbucks,Food & Beverage,58.97,0
TXN_10547,2023-09-16,USR_340,Walmart,Retail,129.8281784818712,1
TXN_10548,2023-06-19,USR_242,McDonalds,,48.0,0
TXN_10549,2023-02-10,USR_335,Starbucks,Food & Beverage,18.1,0
TXN_10550,2023-03-02,USR_354,McDonalds,Food & Beverage,-36.11,0
TXN_10551,2023-01-01,USR_146,Walmart,Retail,28.34,0
TXN_10552,2023-08-22,USR_274,Netflix,Entertainment,106.46,0
TXN_10553,2023-11-14,USR_407,McDonalds,Food & Beverage,42.71,0
TXN_10554,2023-12-04,USR_213,Target,,46.41,0
TXN_10555,2023-07-11,USR_459,Uber,,21.94,0
TXN_10556,2023-11-09,USR_200,Starbucks,Food & Beverage,20.34,0
TXN_10557,2023-04-08,,McDonalds,Food & Beverage,21.49,0
TXN_10558,2023-08-19,USR_334,Target,Retail,49.13,0
TXN_10559,2023-10-11,USR_321,McDonalds,Food & Beverage,91.4958725350189,1
TXN_10560,2023-03-30,USR_474,Amazon,E-commerce,44.25,0
TXN_10561,2023-07-16,USR_314,Shell,Gas Station,263.86,0
TXN_10562,2023-06-25,USR_250,Uber,Transport,79.13,0
TXN_10563,2023-10-08,USR_260,Uber,Transport,23.9,0
TXN_10564,2024-01-01,USR_248,Netflix,Entertainment,110.08,0
TXN_10565,2023-12-22,USR_426,Amazon,E-commerce,22.02,0
TXN_10566,2023-12-08,USR_463,McDonalds,Food & Beverage,4.31,0
TXN_10567,2023-08-05,USR_106,Uber,Transport,-12.08,0
TXN_10568,2023-03-24,USR_246,Walmart,Retail,5.1,0
TXN_10569,2023-10-05,USR_116,Uber,Transport,23.3,0
TXN_10570,2023-10-15,USR_299,Netflix,Entertainment,33.73,0
TXN_10571,2023-01-25,USR_295,Uber,Transport,177.05,0
TXN_10572,2023-01-28,USR_106,Shell,Gas Station,45.92,0
TXN_10573,2023-11-21,USR_460,McDonalds,Food & Beverage,26.6,0
TXN_10574,2023-04-10,USR_250,Netflix,Entertainment,75.9,0
TXN_10575,2023-03-03,USR_293,Amazon,,3.63,0
TXN_10576,2023-05-11,USR_102,Amazon,E-commerce,41.91,0
TXN_10577,2023-11-02,USR_126,Amazon,E-commerce,71.58,0
TXN_10578,2023-10-21,USR_381,Uber,Transport,7.55,0
TXN_10579,2023-09-24,USR_134,Netflix,Entertainment,103.93,0
TXN_10580,2023-04-24,USR_209,Starbucks,Food & Beverage,46.46,0
TXN_10581,2023-11-29,USR_104,McDonalds,,21.86,0
TXN_10582,2023-12-16,USR_264,Netflix,Entertainment,62.35,0
TXN_10583,2023-05-25,USR_112,Uber,Transport,320.76,0
TXN_10584,2023-06-01,USR_433,McDonalds,Food & Beverage,39.72,0
TXN_10585,2023-10-03,USR_373,Amazon,,42.45,0
TXN_10586,2023-08-06,USR_153,Netflix,Entertainment,20.92,0
TXN_10587,2023-02-06,USR_482,Starbucks,Food & Beverage,-14.16,0
TXN_10588,2023-01-28,USR_191,Walmart,Retail,75.97,0
TXN_10589,2023-07-28,USR_298,Netflix,Entertainment,14.07,0
TXN_10590,2023-10-01,USR_103,Starbucks,Food & Beverage,35.57,0
TXN_10591,2023-02-07,USR_283,Walmart,Retail,20.54,0
TXN_10592,2023-05-25,USR_491,Uber,Transport,53.46,0
TXN_10593,2023-10-01,USR_212,Walmart,,46.23,0
TXN_10594,2023-03-15,USR_252,Uber,Transport,93.46,0
TXN_10595,2023-01-06,,Shell,Gas Station,19.89,0
TXN_10596,2023-02-13,USR_256,Starbucks,Food & Beverage,25.28,0
TXN_10597,2023-11-27,USR_362,Netflix,,12.44,0
TXN_10598,2023-04-03,USR_443,Uber,Transport,21.24,0
TXN_10599,2023-02-07,USR_248,McDonalds,Food & Beverage,48.29,0
TXN_10600,2023-07-02,USR_165,McDonalds,Food & Beverage,70.6,0
TXN_10601,2023-06-12,USR_348,Target,Retail,13.17,0
TXN_10602,2023-07-06,USR_261,Amazon,E-commerce,79.01,0
TXN_10603,2023-11-25,USR_323,Netflix,Entertainment,128.46,0
TXN_10604,2023-08-25,USR_328,Shell,Gas Station,50.07,0
TXN_10605,2023-02-11,USR_243,Amazon,E-commerce,216.33,0
TXN_10606,2023-11-17,USR_139,Uber,Transport,15.27,0
TXN_10607,2023-10-24,,Walmart,Retail,9.54,0
TXN_10608,2023-10-04,USR_341,Uber,Transport,5.59,0
TXN_10609,2023-09-14,,Uber,,147.83,0
TXN_10610,2023-11-11,USR_450,Netflix,Entertainment,63.71,0
TXN_10611,2023-10-17,USR_437,Amazon,E-commerce,31.32,0
TXN_10612,2023-09-07,,Shell,,43.81,0
TXN_10613,2023-07-04,,Netflix,Entertainment,10.75,0
TXN_10614,2023-09-24,USR_424,Shell,Gas Station,382.13,0
TXN_10615,2023-07-13,USR_287,Amazon,E-commerce,37.68,0
TXN_10616,2023-04-25,USR_364,Uber,Transport,36.94,0
TXN_10617,2023-01-04,USR_356,McDonalds,Food & Beverage,68.43,0
TXN_10618,2023-04-06,USR_180,Uber,Transport,53.57,0
TXN_10619,2023-06-19,USR_468,Netflix,,41.42,0
TXN_10620,2023-07-30,USR_111,Amazon,E-commerce,15.02,0
TXN_10621,2023-01-21,USR_393,Amazon,,53.06,0
TXN_10622,2023-10-16,USR_426,Starbucks,,217.46,0
TXN_10623,2023-04-21,USR_329,Uber,Transport,127.16,0
TXN_10624,2023-11-04,USR_173,Netflix,Entertainment,162.91,0
TXN_10625,2023-12-18,USR_275,Uber,Transport,19.86,0
TXN_10626,2023-02-25,USR_108,Starbucks,Food & Beverage,12.31,0
TXN_10627,2023-11-07,USR_149,Starbucks,Food & Beverage,29.2,0
TXN_10628,2023-12-04,,Target,Retail,35.01,0
TXN_10629,2023-07-09,USR_122,Starbucks,Food & Beverage,98.91,0
TXN_10630,2023-07-15,USR_279,McDonalds,Food & Beverage,6.1,0
TXN_10631,2023-05-11,USR_344,Target,Retail,152.86,0
TXN_10632,2023-01-03,USR_463,Starbucks,Food & Beverage,-28.28,0
TXN_10633,2023-04-16,USR_452,Walmart,Retail,21.61,0
TXN_10634,2023-05-10,USR_233,Starbucks,Food & Beverage,12.04,0
TXN_10635,2023-07-23,USR_486,Uber,Transport,6.33,0
TXN_10636,2023-10-12,USR_347,Amazon,E-commerce,75.43,0
TXN_10637,2023-12-04,USR_160,Starbucks,Food & Beverage,35.63,0
TXN_10638,2023-09-18,USR_305,Amazon,E-commerce,9.12,0
TXN_10639,2023-11-22,USR_102,Walmart,Retail,9.07,0
TXN_10640,2023-05-15,USR_213,Starbucks,Food & Beverage,23.67,0
TXN_10641,2023-09-24,USR_246,Starbucks,Food & Beverage,175.74,0
TXN_10642,2023-08-13,USR_105,Amazon,E-commerce,25.54,0
TXN_10643,2023-11-03,USR_361,Uber,Transport,7.37,0
TXN_10644,2023-12-02,USR_100,Walmart,Retail,25.9,0
TXN_10645,2023-07-22,USR_307,Starbucks,Food & Beverage,25.21,0
TXN_10646,2023-10-09,USR_245,Target,Retail,2.23,0
TXN_10647,2023-05-22,USR_215,Shell,Gas Station,31.37,0
TXN_10648,2023-07-28,USR_359,Walmart,,26.29,0
TXN_10649,2023-05-12,USR_375,Target,Retail,66.43,0
TXN_10650,2023-05-05,USR_487,Starbucks,Food & Beverage,210.39,0
TXN_10651,2023-05-13,USR_134,Walmart,Retail,102.16,0
TXN_10652,2023-07-31,USR_280,Netflix,Entertainment,-25.31,0
TXN_10653,2023-07-24,USR_444,Netflix,Entertainment,10.95,0
TXN_10654,2023-07-01,USR_211,Amazon,E-commerce,434.14,0
TXN_10655,2023-04-13,USR_220,Netflix,Entertainment,35.14,0
TXN_10656,2023-11-13,USR_282,Netflix,Entertainment,33.58,0
TXN_10657,2023-10-05,USR_121,McDonalds,Food & Beverage,32.33,0
TXN_10658,2023-09-19,USR_243,Uber,Transport,40.37,0
TXN_10659,2023-10-04,USR_116,Starbucks,Food & Beverage,28.66,0
TXN_10660,2023-03-03,,Amazon,E-commerce,18.66,0
TXN_10661,2023-02-21,USR_266,Netflix,Entertainment,19.17,0
TXN_10662,2023-08-30,USR_413,Uber,Transport,32.05,0
TXN_10663,2023-07-10,USR_286,Starbucks,Food & Beverage,19.23,0
TXN_10664,2023-12-18,USR_217,Amazon,E-commerce,16.23,0
TXN_10665,2023-04-11,USR_174,Starbucks,Food & Beverage,36.83,0
TXN_10666,2023-09-13,USR_168,Walmart,Retail,25.66,0
TXN_10667,2023-06-03,USR_228,Shell,Gas Station,149.01,0
TXN_10668,2023-05-11,USR_343,Amazon,E-commerce,2.34,0
TXN_10669,2023-10-14,,Uber,Transport,98.64,0
TXN_10670,2023-12-14,USR_410,Target,Retail,115.13,0
TXN_10671,2023-05-26,USR_281,Amazon,E-commerce,4.16,0
TXN_10672,2023-07-15,USR_414,McDonalds,Food & Beverage,23.51,0
TXN_10673,2023-06-22,USR_315,Amazon,E-commerce,22.84,0
TXN_10674,2023-06-25,USR_216,Target,Retail,8.11,0
TXN_10675,2023-08-16,USR_499,Starbucks,Food & Beverage,15.21,0
TXN_10676,2023-04-05,USR_111,McDonalds,,10.91,0
TXN_10677,2023-07-23,USR_152,Target,,191.0,0
TXN_10678,2023-02-12,USR_153,Walmart,Retail,269.35548063209774,1
TXN_10679,2023-05-07,USR_477,Starbucks,Food & Beverage,118.1,0
TXN_10680,2023-06-16,USR_343,Amazon,E-commerce,271.9626207128629,1
TXN_10681,2023-12-24,USR_376,McDonalds,Food & Beverage,10.71,0
TXN_10682,2023-11-24,USR_373,Starbucks,Food & Beverage,19.6,0
TXN_10683,2023-07-07,,Target,Retail,54.02,0
TXN_10684,2023-08-29,USR_373,Amazon,,9.76,0
TXN_10685,2023-08-09,USR_249,McDonalds,Food & Beverage,67.56,0
TXN_10686,2023-10-15,USR_323,Netflix,Entertainment,26.04,0
TXN_10687,2023-04-23,USR_234,Starbucks,,22.76,0
TXN_10688,2023-09-30,USR_237,Uber,Transport,67.42,0
TXN_10689,2023-08-22,USR_416,Uber,Transport,51.64,0
TXN_10690,2023-10-01,USR_111,Shell,Gas Station,49.59652468072735,1
TXN_10691,2023-04-30,USR_146,McDonalds,Food & Beverage,105.57,0
TXN_10692,2023-09-13,USR_290,Uber,Transport,11.23,0
TXN_10693,2023-07-20,USR_136,Amazon,E-commerce,61.31,0
TXN_10694,2023-01-07,USR_162,Uber,Transport,59.93,0
TXN_10695,2023-01-18,USR_201,McDonalds,Food & Beverage,24.3,0
TXN_10696,2023-12-15,USR_259,Netflix,Entertainment,45.88,0
TXN_10697,2023-11-23,USR_252,Target,Retail,9.48,0
TXN_10698,2023-05-01,USR_424,Netflix,Entertainment,-83.43,0
TXN_10699,2023-05-05,USR_104,Target,Retail,27.53,0
TXN_10700,2023-02-15,USR_227,Amazon,E-commerce,19.63,0
TXN_10701,2023-11-27,USR_178,Walmart,Retail,94.54,0
TXN_10702,2023-10-13,USR_430,Netflix,Entertainment,16.37,0
TXN_10703,2023-03-10,USR_228,Netflix,Entertainment,25.379785155530794,1
TXN_10704,2023-09-08,USR_197,Uber,Transport,6.98,0
TXN_10705,2023-11-03,USR_383,McDonalds,Food & Beverage,60.7,0
TXN_10706,2023-08-21,USR_100,Uber,Transport,9.2,0
TXN_10707,2023-07-06,USR_497,Walmart,Retail,191.48,0
TXN_10708,2023-12-16,USR_354,Starbucks,Food & Beverage,4.13,0
TXN_10709,2023-02-26,USR_149,Starbucks,Food & Beverage,180.63,0
TXN_10710,2023-01-17,,Amazon,,40.9,0
TXN_10711,2023-09-27,USR_419,Starbucks,Food & Beverage,30.06,0
TXN_10712,2023-12-02,USR_351,Target,Retail,91.45162805932249,1
TXN_10713,2023-08-01,USR_288,Walmart,Retail,49.36,0
TXN_10714,2023-06-05,USR_139,Walmart,Retail,31.89,0
TXN_10715,2023-04-08,USR_198,Netflix,Entertainment,99.81,0
TXN_10716,2023-10-13,USR_312,Amazon,E-commerce,37.12,0
TXN_10717,2023-08-07,USR_153,McDonalds,Food & Beverage,38.49,0
TXN_10718,2023-10-01,USR_407,Shell,Gas Station,23.02,0
TXN_10719,2023-07-31,USR_491,Shell,Gas Station,31.28,0
TXN_10720,2023-04-20,USR_292,Netflix,Entertainment,45.05,0
TXN_10721,2023-07-23,USR_100,McDonalds,Food & Beverage,5.99,0
TXN_10722,2023-06-04,USR_103,Amazon,E-commerce,8.6,0
TXN_10723,2023-12-20,USR_241,Walmart,Retail,69.63,0
TXN_10724,2023-08-24,USR_282,Amazon,E-commerce,39.29,0
TXN_10725,2023-06-03,USR_147,Netflix,Entertainment,27.55,0
TXN_10726,2023-09-05,USR_188,Target,Retail,33.73,0
TXN_10727,2023-06-03,USR_119,Target,Retail,46.88,0
TXN_10728,2023-06-21,USR_278,Walmart,Retail,19.3,0
TXN_10729,2023-04-27,,Target,Retail,15.21,0
TXN_10730,2023-09-26,USR_121,Starbucks,Food & Beverage,40.28,0
TXN_10731,2023-12-11,USR_474,Netflix,Entertainment,12.45,0
TXN_10732,2023-05-29,USR_301,Target,,49.81,0
TXN_10733,2023-05-15,USR_143,Walmart,Retail,6.03,0
TXN_10734,2023-04-12,USR_349,Amazon,E-commerce,92.68,0
TXN_10735,2023-05-17,USR_497,Netflix,Entertainment,53.12,0
TXN_10736,2023-08-05,USR_287,Target,Retail,42.78,0
TXN_10737,2023-03-28,USR_279,Walmart,Retail,88.47,0
TXN_10738,2023-04-30,USR_202,Amazon,E-commerce,175.12,0
TXN_10739,2023-01-28,USR_224,Target,Retail,91.32,0
TXN_10740,2023-02-26,USR_256,Uber,Transport,-21.42727479463385,1
TXN_10741,2023-09-25,USR_484,Netflix,Entertainment,9.21,0
TXN_10742,2023-12-09,USR_109,Amazon,E-commerce,17.73,0
TXN_10743,2023-05-26,USR_202,Uber,Transport,33.99,0
TXN_10744,2023-12-05,USR_238,Walmart,Retail,55.57,0
TXN_10745,2023-11-29,USR_297,Target,Retail,73.77376819687201,1
TXN_10746,2023-09-06,USR_405,Target,Retail,39.92,0
TXN_10747,2023-12-31,USR_111,McDonalds,,15.56,0
TXN_10748,2023-03-22,USR_109,McDonalds,Food & Beverage,17.97,0
TXN_10749,2023-09-14,USR_241,Netflix,Entertainment,8.11,0
TXN_10750,2023-05-24,USR_215,Walmart,Retail,13.15,0
TXN_10751,2023-09-24,USR_447,Target,Retail,8.57,0
TXN_10752,2023-08-07,USR_259,Netflix,Entertainment,12.48,0
TXN_10753,2023-10-25,USR_377,Netflix,Entertainment,94.98,0
TXN_10754,2023-03-16,USR_435,Amazon,E-commerce,12.81,0
TXN_10755,2023-03-16,USR_472,Target,,460.53,0
TXN_10756,2023-11-23,USR_478,Starbucks,Food & Beverage,54.23,0
TXN_10757,2023-11-12,USR_236,Amazon,E-commerce,197.52141248482496,1
TXN_10758,2023-07-03,USR_140,Netflix,Entertainment,14.04,0
TXN_10759,2023-07-11,USR_194,McDonalds,Food & Beverage,66.71,0
TXN_10760,2023-07-29,USR_491,Netflix,Entertainment,18.62,0
TXN_10761,2023-04-14,USR_487,Netflix,Entertainment,37.41,0
TXN_10762,2023-09-08,USR_452,McDonalds,Food & Beverage,428.41,0
TXN_10763,2023-11-08,USR_476,Starbucks,Food & Beverage,30.08,0
TXN_10764,2023-08-20,USR_333,Walmart,Retail,-104.51,0
TXN_10765,2023-01-21,USR_385,Starbucks,Food & Beverage,16.39,0
TXN_10766,2023-07-23,USR_255,Netflix,Entertainment,31.98,0
TXN_10767,2023-01-28,USR_453,Uber,Transport,194.57,0
TXN_10768,2023-09-14,USR_157,McDonalds,Food & Beverage,17.69,0
TXN_10769,2023-06-15,USR_330,Amazon,,202.85,0
TXN_10770,2023-02-16,USR_228,Netflix,Entertainment,67.21,0
TXN_10771,2023-03-05,USR_146,Amazon,,18.87,0
TXN_10772,2023-09-19,USR_413,Starbucks,Food & Beverage,62.33,0
TXN_10773,2023-10-17,USR_437,Amazon,E-commerce,87.58,0
TXN_10774,2023-06-08,USR_473,Walmart,Retail,61.67,0
TXN_10775,2023-04-14,USR_101,Target,Retail,6.89,0
TXN_10776,2023-01-03,USR_411,McDonalds,Food & Beverage,16.0,0
TXN_10777,2023-08-15,USR_140,McDonalds,Food & Beverage,-25.85,0
TXN_10778,2023-10-13,USR_206,Uber,,30.74,0
TXN_10779,2023-01-17,USR_441,Walmart,Retail,61.6,0
TXN_10780,2023-08-02,USR_191,Target,Retail,39.56,0
TXN_10781,2023-10-24,USR_284,Amazon,E-commerce,8.71,0
TXN_10782,2023-02-04,USR_488,Shell,Gas Station,48.43,0
TXN_10783,2023-05-21,USR_268,Amazon,E-commerce,60.98,0
TXN_10784,2023-11-19,USR_370,Walmart,Retail,57.96,0
TXN_10785,2023-06-12,USR_232,Uber,Transport,97.59,0
TXN_10786,2023-09-12,USR_366,Amazon,E-commerce,76.24,0
TXN_10787,2023-04-10,USR_100,Netflix,,52.41,0
TXN_10788,2023-08-01,USR_311,Netflix,,30.87,0
TXN_10789,2023-05-25,USR_230,Netflix,Entertainment,16.376401311610802,1
TXN_10790,2023-02-28,USR_451,Shell,Gas Station,50.89,0
TXN_10791,2023-04-10,USR_269,Walmart,Retail,40.76,0
TXN_10792,2023-11-27,USR_169,McDonalds,Food & Beverage,43.45,0
TXN_10793,2023-07-31,USR_480,Shell,,9.24,0
TXN_10794,2023-01-10,USR_206,Shell,Gas Station,11.23,0
TXN_10795,2023-03-18,USR_243,Shell,Gas Station,94.93,0
TXN_10796,2023-07-19,USR_195,Amazon,E-commerce,31.83,0
TXN_10797,2023-05-20,USR_311,Shell,,65.46,0
TXN_10798,2023-06-04,USR_189,Uber,,34.07,0
TXN_10799,2023-01-13,USR_347,Target,Retail,34.12,0
TXN_10800,2023-09-26,USR_258,McDonalds,Food & Beverage,84.63,0
TXN_10801,2023-01-19,USR_335,Amazon,E-commerce,19.77,0
TXN_10802,2023-12-18,USR_404,Uber,Transport,36.46,0
TXN_10803,2023-12-04,USR_481,Target,Retail,20.86,0
TXN_10804,2023-04-09,USR_246,Netflix,Entertainment,21.45,0
TXN_10805,2023-03-22,USR_240,Target,,24.31,0
TXN_10806,2023-06-29,USR_381,Target,Retail,41.35,0
TXN_10807,2023-03-29,USR_136,Uber,Transport,20.52,0
TXN_10808,2023-08-30,USR_445,Walmart,,116.25,0
TXN_10809,2023-11-02,USR_403,Starbucks,Food & Beverage,13.54,0
TXN_10810,2023-04-12,USR_465,Shell,Gas Station,27.47,0
TXN_10811,2023-02-17,USR_457,McDonalds,Food & Beverage,21.33,0
TXN_10812,2023-04-25,USR_173,McDonalds,Food & Beverage,140.75,0
TXN_10813,2023-12-07,USR_269,Starbucks,Food & Beverage,40.31,0
TXN_10814,2023-02-27,USR_279,Walmart,Retail,92.93,0
TXN_10815,2023-03-07,USR_360,Shell,,7.5,0
TXN_10816,2023-02-06,USR_254,Shell,Gas Station,43.25,0
TXN_10817,2023-09-04,USR_296,Netflix,,80.61,0
TXN_10818,2023-08-11,USR_390,Starbucks,Food & Beverage,35.96,0
TXN_10819,2023-12-31,USR_393,Target,Retail,96.11,0
TXN_10820,2023-08-16,USR_190,Shell,Gas Station,19.74,0
TXN_10821,2023-11-27,USR_438,Starbucks,,135.55,0
TXN_10822,2023-12-05,USR_176,Walmart,Retail,329.94,0
TXN_10823,2023-12-15,USR_262,McDonalds,Food & Beverage,23.04,0
TXN_10824,2023-06-26,USR_145,Starbucks,Food & Beverage,21.21,0
TXN_10825,2023-02-01,,Amazon,E-commerce,141.65,0
TXN_10826,2023-05-25,USR_115,Shell,Gas Station,160.71,0
TXN_10827,2023-07-27,USR_295,Shell,Gas Station,19.63,0
TXN_10828,2023-07-16,USR_284,Amazon,E-commerce,21.75,0
TXN_10829,2023-02-06,USR_431,Amazon,,24.98,0
TXN_10830,2023-03-11,USR_143,Starbucks,,8.63,0
TXN_10831,2023-08-21,USR_360,Starbucks,Food & Beverage,13.21,0
TXN_10832,2023-11-06,USR_103,Netflix,Entertainment,12.13,0
TXN_10833,2023-10-07,USR_395,Uber,Transport,15.37,0
TXN_10834,2023-09-04,USR_453,Shell,,31.99,0
TXN_10835,2023-02-10,USR_367,Uber,Transport,41.86,0
TXN_10836,2023-10-04,USR_396,Target,Retail,156.1,0
TXN_10837,2023-09-20,USR_340,Walmart,Retail,12.2,0
TXN_10838,2023-01-19,USR_455,Uber,Transport,88.62,0
TXN_10839,2023-08-31,USR_396,Uber,Transport,26.74,0
TXN_10840,2023-02-12,USR_164,Walmart,Retail,31.52,0
TXN_10841,2023-05-21,USR_231,Amazon,,65.03,0
TXN_10842,2023-07-09,USR_189,Amazon,E-commerce,10.78,0
TXN_10843,2023-02-13,USR_174,Walmart,Retail,48.54,0
TXN_10844,2023-05-02,USR_438,Starbucks,Food & Beverage,39.11,0
TXN_10845,2023-05-16,USR_486,Shell,Gas Station,54.19,0
TXN_10846,2023-09-30,USR_219,McDonalds,Food & Beverage,44.22,0
TXN_10847,2023-08-11,USR_106,Amazon,E-commerce,385.79,0
TXN_10848,2023-12-16,USR_121,Shell,,17.5,0
TXN_10849,2023-11-30,USR_239,Starbucks,Food & Beverage,19.47,0
TXN_10850,2023-12-12,USR_483,Starbucks,Food & Beverage,17.76,0
TXN_10851,2023-04-03,USR_260,Shell,Gas Station,19.0,0
TXN_10852,2023-09-26,USR_153,Walmart,Retail,17.51,0
TXN_10853,2023-01-13,USR_417,Uber,,108.75,0
TXN_10854,2023-11-23,USR_162,Netflix,Entertainment,137.07,0
TXN_10855,2023-11-28,USR_389,Amazon,E-commerce,18.71,0
TXN_10856,2023-08-28,USR_438,Amazon,E-commerce,14.41,0
TXN_10857,2023-12-21,USR_441,Uber,Transport,53.06,0
TXN_10858,2023-02-01,USR_295,Target,Retail,19.06,0
TXN_10859,2023-02-05,USR_351,Uber,Transport,62.36,0
TXN_10860,2023-10-04,USR_493,McDonalds,Food & Beverage,40.57,0
TXN_10861,2023-02-22,USR_117,McDonalds,,7.27,0
TXN_10862,2023-12-01,USR_427,McDonalds,,-543.6317962743235,1
TXN_10863,2023-07-20,USR_394,Amazon,,199.51,0
TXN_10864,2023-02-05,USR_376,McDonalds,Food & Beverage,17.94,0
TXN_10865,2023-10-02,USR_283,McDonalds,Food & Beverage,22.47,0
TXN_10866,2023-06-24,USR_141,Target,Retail,44.07,0
TXN_10867,2023-01-21,USR_296,Netflix,Entertainment,46.27,0
TXN_10868,2023-07-03,USR_349,Target,,63.98,0
TXN_10869,2023-01-13,USR_468,Amazon,E-commerce,247.2,0
TXN_10870,2023-08-19,USR_108,Uber,,27.74,0
TXN_10871,2023-04-19,USR_434,Walmart,Retail,14.91,0
TXN_10872,2023-04-30,USR_136,Amazon,,8.34,0
TXN_10873,2023-11-13,,McDonalds,Food & Beverage,15.94,0
TXN_10874,2023-02-19,USR_333,Walmart,Retail,32.04,0
TXN_10875,2023-11-01,USR_415,Target,Retail,199.25,0
TXN_10876,2023-12-17,USR_394,Starbucks,Food & Beverage,19.73,0
TXN_10877,2023-10-31,USR_188,Netflix,Entertainment,41.42,0
TXN_10878,2023-07-09,USR_383,Starbucks,Food & Beverage,32.58,0
TXN_10879,2023-11-20,USR_413,Amazon,E-commerce,108.68,0
TXN_10880,2023-02-15,USR_461,Target,Retail,1051.9475923055752,1
TXN_10881,2023-04-16,USR_173,McDonalds,Food & Beverage,19.47,0
TXN_10882,2023-01-20,USR_405,Amazon,E-commerce,20.3,0
TXN_10883,2023-01-03,USR_385,Uber,Transport,94.08,0
TXN_10884,2023-10-04,USR_359,Target,Retail,65.49,0
TXN_10885,2023-02-27,USR_176,Uber,Transport,209.92,0
TXN_10886,2023-01-23,USR_127,Amazon,E-commerce,59.38,0
TXN_10887,2023-08-21,USR_122,Shell,,23.12,0
TXN_10888,2023-09-06,USR_363,Amazon,,59.78,0
TXN_10889,2023-12-13,USR_266,Shell,Gas Station,100.35,0
TXN_10890,2023-04-13,USR_292,Netflix,Entertainment,75.22,0
TXN_10891,2023-03-16,USR_210,Walmart,Retail,55.0,0
TXN_10892,2023-04-10,USR_423,Amazon,E-commerce,96.22,0
TXN_10893,2023-01-31,USR_243,Walmart,,106.62,0
TXN_10894,2023-04-23,USR_251,Amazon,E-commerce,131.92,0
TXN_10895,2023-10-11,USR_217,Amazon,,63.35,0
TXN_10896,2023-08-25,USR_242,Netflix,,28.02,0
TXN_10897,2023-10-24,USR_213,Netflix,Entertainment,38.35,0
TXN_10898,2023-01-23,USR_120,Walmart,Retail,110.67,0
TXN_10899,2023-09-03,USR_456,Starbucks,Food & Beverage,14.63,0
TXN_10900,2023-07-28,USR_211,Walmart,,47.88,0
TXN_10901,2023-03-24,USR_460,Target,Retail,89.55883754036795,1
TXN_10902,2023-03-12,USR_460,McDonalds,Food & Beverage,34.08,0
TXN_10903,2023-01-01,USR_421,McDonalds,,118.92,0
TXN_10904,2023-05-19,USR_457,Walmart,Retail,40.09,0
TXN_10905,2023-06-21,USR_476,Target,Retail,34.69,0
TXN_10906,2023-02-26,USR_296,Shell,Gas Station,8.5,0
TXN_10907,2023-12-27,USR_134,Amazon,E-commerce,69.84,0
TXN_10908,2023-02-28,USR_432,Shell,Gas Station,63.15,0
TXN_10909,2023-04-26,USR_264,Netflix,Entertainment,288.08,0
TXN_10910,2023-07-10,USR_276,Uber,Transport,24.34,0
TXN_10911,2023-12-14,USR_372,McDonalds,Food & Beverage,41.23,0
TXN_10912,2023-08-23,USR_144,Target,,42.49,0
TXN_10913,2023-05-22,USR_157,Target,Retail,160.37,0
TXN_10914,2023-12-16,USR_377,Walmart,Retail,30.11,0
TXN_10915,2023-02-02,USR_111,Walmart,Retail,43.77,0
TXN_10916,2023-06-25,USR_435,Shell,Gas Station,60.82,0
TXN_10917,2023-10-18,USR_167,McDonalds,Food & Beverage,39.91,0
TXN_10918,2023-05-28,USR_494,Netflix,Entertainment,21.19,0
TXN_10919,2023-03-24,USR_464,Amazon,E-commerce,40.21,0
TXN_10920,2023-03-01,USR_121,Amazon,E-commerce,96.9,0
TXN_10921,2023-10-15,USR_462,Shell,,11.86,0
TXN_10922,2023-03-25,USR_373,Shell,Gas Station,37.82,0
TXN_10923,2023-08-23,USR_263,McDonalds,Food & Beverage,16.44,0
TXN_10924,2023-06-01,USR_342,Shell,Gas Station,109.4,0
TXN_10925,2023-08-15,USR_273,Amazon,E-commerce,7.22,0
TXN_10926,2023-03-01,USR_257,Amazon,,18.94,0
TXN_10927,2023-01-29,USR_411,Shell,Gas Station,48.29,0
TXN_10928,2023-02-12,USR_375,Uber,Transport,158.46,0
TXN_10929,2023-06-12,USR_408,Starbucks,Food & Beverage,31.01,0
TXN_10930,2023-08-07,USR_289,Shell,Gas Station,-19.01,0
TXN_10931,2023-10-15,USR_144,Uber,Transport,217.27,0
TXN_10932,2023-05-28,USR_183,Starbucks,Food & Beverage,7.78,0
TXN_10933,2023-10-28,USR_406,Starbucks,,3.67,0
TXN_10934,2023-10-30,USR_487,Shell,Gas Station,-51.42,0
TXN_10935,2023-10-12,USR_336,Uber,Transport,20.04,0
TXN_10936,2023-05-29,USR_383,Amazon,E-commerce,11.93,0
TXN_10937,2023-08-26,USR_214,Uber,,-67.25,0
TXN_10938,2023-12-07,USR_247,McDonalds,Food & Beverage,42.26,0
TXN_10939,2023-09-10,USR_134,Netflix,Entertainment,80.90188147059311,1
TXN_10940,2023-11-18,USR_451,Starbucks,Food & Beverage,9.2,0
TXN_10941,2023-03-25,USR_397,Walmart,,79.24,0
TXN_10942,2023-01-28,USR_239,Amazon,E-commerce,63.45,0
TXN_10943,2023-09-29,USR_427,Walmart,Retail,29.99,0
TXN_10944,2023-11-03,USR_485,Amazon,E-commerce,209.9,0
TXN_10945,2023-12-24,USR_452,Uber,Transport,11.36,0
TXN_10946,2023-07-10,USR_498,Amazon,E-commerce,25.592488119591952,1
TXN_10947,2023-09-15,USR_213,Target,Retail,16.58,0
TXN_10948,2023-02-09,USR_159,Target,Retail,31.64,0
TXN_10949,2023-03-13,USR_326,Uber,Transport,42.24,0
TXN_10950,2023-06-05,USR_114,Shell,Gas Station,26.02,0
TXN_10951,2023-06-07,USR_164,Amazon,E-commerce,47.09,0
TXN_10952,2023-09-05,,Target,Retail,9.47,0
TXN_10953,2023-05-10,USR_122,Walmart,,140.3,0
TXN_10954,2023-04-16,USR_400,Target,Retail,30.5,0
TXN_10955,2023-05-23,USR_396,Target,Retail,101.22,0
TXN_10956,2023-02-04,USR_150,Netflix,Entertainment,46.65,0
TXN_10957,2023-03-29,USR_486,Netflix,Entertainment,52.29,0
TXN_10958,2023-12-29,USR_343,Netflix,Entertainment,58.54,0
TXN_10959,2023-07-01,USR_294,Target,Retail,51.82,0
TXN_10960,2023-02-26,USR_366,Shell,,62.97,0
TXN_10961,2023-09-10,USR_159,Walmart,Retail,125.1,0
TXN_10962,2023-07-28,USR_248,McDonalds,Food & Beverage,40.31,0
TXN_10963,2023-07-08,USR_191,McDonalds,,67.29,0
TXN_10964,2023-12-04,USR_446,Starbucks,,30.27,0
TXN_10965,2023-03-28,USR_133,Target,Retail,139.79,0
TXN_10966,2023-08-06,USR_471,Starbucks,Food & Beverage,16.84,0
TXN_10967,2023-11-26,USR_304,Uber,Transport,200.53,0
TXN_10968,2023-03-17,USR_493,McDonalds,Food & Beverage,31.81,0
TXN_10969,2023-03-10,USR_115,Netflix,,7.92,0
TXN_10970,2023-07-15,USR_409,Walmart,Retail,37.64,0
TXN_10971,2023-12-05,USR_484,Target,Retail,16.76,0
TXN_10972,2023-09-09,USR_358,Uber,Transport,76.76,0
TXN_10973,2023-01-17,USR_320,Walmart,Retail,17.24,0
TXN_10974,2023-01-19,USR_116,Starbucks,Food & Beverage,21.2,0
TXN_10975,2023-03-10,USR_259,Amazon,E-commerce,5.01,0
TXN_10976,2023-12-17,USR_376,McDonalds,Food & Beverage,21.07,0
TXN_10977,2023-09-11,USR_402,Walmart,Retail,2.93,0
TXN_10978,2023-01-15,USR_402,Uber,,6.79,0
TXN_10979,2023-11-17,USR_274,Walmart,Retail,70.84,0
TXN_10980,2023-12-05,USR_225,Starbucks,Food & Beverage,72.66,0
TXN_10981,2023-02-28,,Target,Retail,50.68,0
TXN_10982,2023-08-04,,Starbucks,,12.59,0
TXN_10983,2023-07-19,USR_265,Shell,Gas Station,31.57,0
TXN_10984,2023-09-15,USR_491,Netflix,Entertainment,33.0,0
TXN_10985,2023-11-22,USR_138,Starbucks,Food & Beverage,10.4,0
TXN_10986,2023-10-21,USR_305,Walmart,Retail,148.92,0
TXN_10987,2023-05-20,USR_134,Target,Retail,79.63,0
TXN_10988,2023-11-30,USR_254,Shell,Gas Station,26.55,0
TXN_10989,2023-07-25,USR_228,Shell,Gas Station,34.02,0
TXN_10990,2023-11-18,USR_460,Amazon,E-commerce,40.79,0
TXN_10991,2023-11-23,USR_372,McDonalds,Food & Beverage,4.3,0
TXN_10992,2023-07-06,USR_336,Walmart,,25.86,0
TXN_10993,2023-07-30,USR_263,Uber,Transport,16.74,0
TXN_10994,2023-05-27,USR_430,Starbucks,Food & Beverage,12.16,0
TXN_10995,2023-04-09,USR_114,Netflix,Entertainment,25.0,0
TXN_10996,2023-01-19,USR_203,Starbucks,Food & Beverage,199.87,0
TXN_10997,2023-04-01,USR_429,Uber,Transport,62.86,0
TXN_10998,2023-02-12,USR_260,Walmart,Retail,18.71,0
TXN_10999,2023-12-10,USR_436,Starbucks,Food & Beverage,58.71,0
